"id","name","family","recipe base","lands as","material","spell","skill","difficulty","station","materials","existing icon"
"weapon.dagger.copper","Copper Dagger","weapon","dagger","dagger","copper","","blacksmithing","5","forge","copper x2","icons/items/dagger.webp"
"weapon.dagger.bronze","Bronze Dagger","weapon","dagger","dagger","bronze","","blacksmithing","12","forge","copper x2; tin x1","icons/items/dagger.webp"
"weapon.dagger.iron","Iron Dagger","weapon","dagger","dagger","iron","","blacksmithing","19","forge","iron x2","icons/items/dagger.webp"
"weapon.dagger.silver","Silver Dagger","weapon","dagger","dagger","silver","","blacksmithing","26","forge","silver x2","icons/items/dagger.webp"
"weapon.dagger.coldiron","Coldiron Dagger","weapon","dagger","dagger","coldiron","","blacksmithing","33","forge","coldiron x2","icons/items/dagger.webp"
"weapon.dagger.emberite","Emberite Dagger","weapon","dagger","dagger","emberite","","blacksmithing","40","forge","emberite x2","icons/items/dagger.webp"
"weapon.dagger.rimesteel","Rimesteel Dagger","weapon","dagger","dagger","rimesteel","","blacksmithing","47","forge","rimesteel x2","icons/items/dagger.webp"
"weapon.dagger.verdite","Verdite Dagger","weapon","dagger","dagger","verdite","","blacksmithing","54","forge","verdite x2","icons/items/dagger.webp"
"weapon.dagger.voidrock","Voidrock Dagger","weapon","dagger","dagger","voidrock","","blacksmithing","61","forge","voidrock x2","icons/items/dagger.webp"
"weapon.dagger.starfall","Starfall Dagger","weapon","dagger","dagger","starfall","","blacksmithing","68","forge","starfall x2","icons/items/dagger.webp"
"weapon.throwingKnives.copper","Copper Throwing knives","weapon","throwingKnives","throwing_knives","copper","","blacksmithing","6","forge","copper x2","icons/items/throwing-knives.webp"
"weapon.throwingKnives.bronze","Bronze Throwing knives","weapon","throwingKnives","throwing_knives","bronze","","blacksmithing","13","forge","copper x2; tin x1","icons/items/throwing-knives.webp"
"weapon.throwingKnives.iron","Iron Throwing knives","weapon","throwingKnives","throwing_knives","iron","","blacksmithing","20","forge","iron x2","icons/items/throwing-knives.webp"
"weapon.throwingKnives.silver","Silver Throwing knives","weapon","throwingKnives","throwing_knives","silver","","blacksmithing","27","forge","silver x2","icons/items/throwing-knives.webp"
"weapon.throwingKnives.coldiron","Coldiron Throwing knives","weapon","throwingKnives","throwing_knives","coldiron","","blacksmithing","34","forge","coldiron x2","icons/items/throwing-knives.webp"
"weapon.throwingKnives.emberite","Emberite Throwing knives","weapon","throwingKnives","throwing_knives","emberite","","blacksmithing","41","forge","emberite x2","icons/items/throwing-knives.webp"
"weapon.throwingKnives.rimesteel","Rimesteel Throwing knives","weapon","throwingKnives","throwing_knives","rimesteel","","blacksmithing","48","forge","rimesteel x2","icons/items/throwing-knives.webp"
"weapon.throwingKnives.verdite","Verdite Throwing knives","weapon","throwingKnives","throwing_knives","verdite","","blacksmithing","55","forge","verdite x2","icons/items/throwing-knives.webp"
"weapon.throwingKnives.voidrock","Voidrock Throwing knives","weapon","throwingKnives","throwing_knives","voidrock","","blacksmithing","62","forge","voidrock x2","icons/items/throwing-knives.webp"
"weapon.throwingKnives.starfall","Starfall Throwing knives","weapon","throwingKnives","throwing_knives","starfall","","blacksmithing","69","forge","starfall x2","icons/items/throwing-knives.webp"
"weapon.rapier.copper","Copper Rapier","weapon","rapier","rapier","copper","","blacksmithing","10","forge","copper x3","icons/items/rapier.webp"
"weapon.rapier.bronze","Bronze Rapier","weapon","rapier","rapier","bronze","","blacksmithing","17","forge","copper x3; tin x2","icons/items/rapier.webp"
"weapon.rapier.iron","Iron Rapier","weapon","rapier","rapier","iron","","blacksmithing","24","forge","iron x3","icons/items/rapier.webp"
"weapon.rapier.silver","Silver Rapier","weapon","rapier","rapier","silver","","blacksmithing","31","forge","silver x3","icons/items/rapier.webp"
"weapon.rapier.coldiron","Coldiron Rapier","weapon","rapier","rapier","coldiron","","blacksmithing","38","forge","coldiron x3","icons/items/rapier.webp"
"weapon.rapier.emberite","Emberite Rapier","weapon","rapier","rapier","emberite","","blacksmithing","45","forge","emberite x3","icons/items/rapier.webp"
"weapon.rapier.rimesteel","Rimesteel Rapier","weapon","rapier","rapier","rimesteel","","blacksmithing","52","forge","rimesteel x3","icons/items/rapier.webp"
"weapon.rapier.verdite","Verdite Rapier","weapon","rapier","rapier","verdite","","blacksmithing","59","forge","verdite x3","icons/items/rapier.webp"
"weapon.rapier.voidrock","Voidrock Rapier","weapon","rapier","rapier","voidrock","","blacksmithing","66","forge","voidrock x3","icons/items/rapier.webp"
"weapon.rapier.starfall","Starfall Rapier","weapon","rapier","rapier","starfall","","blacksmithing","73","forge","starfall x3","icons/items/rapier.webp"
"weapon.shortsword.copper","Copper Shortsword","weapon","shortsword","shortsword","copper","","blacksmithing","10","forge","copper x3","icons/items/shortsword.webp"
"weapon.shortsword.bronze","Bronze Shortsword","weapon","shortsword","shortsword","bronze","","blacksmithing","17","forge","copper x3; tin x2","icons/items/shortsword.webp"
"weapon.shortsword.iron","Iron Shortsword","weapon","shortsword","shortsword","iron","","blacksmithing","24","forge","iron x3","icons/items/shortsword.webp"
"weapon.shortsword.silver","Silver Shortsword","weapon","shortsword","shortsword","silver","","blacksmithing","31","forge","silver x3","icons/items/shortsword.webp"
"weapon.shortsword.coldiron","Coldiron Shortsword","weapon","shortsword","shortsword","coldiron","","blacksmithing","38","forge","coldiron x3","icons/items/shortsword.webp"
"weapon.shortsword.emberite","Emberite Shortsword","weapon","shortsword","shortsword","emberite","","blacksmithing","45","forge","emberite x3","icons/items/shortsword.webp"
"weapon.shortsword.rimesteel","Rimesteel Shortsword","weapon","shortsword","shortsword","rimesteel","","blacksmithing","52","forge","rimesteel x3","icons/items/shortsword.webp"
"weapon.shortsword.verdite","Verdite Shortsword","weapon","shortsword","shortsword","verdite","","blacksmithing","59","forge","verdite x3","icons/items/shortsword.webp"
"weapon.shortsword.voidrock","Voidrock Shortsword","weapon","shortsword","shortsword","voidrock","","blacksmithing","66","forge","voidrock x3","icons/items/shortsword.webp"
"weapon.shortsword.starfall","Starfall Shortsword","weapon","shortsword","shortsword","starfall","","blacksmithing","73","forge","starfall x3","icons/items/shortsword.webp"
"weapon.mace.copper","Copper Mace","weapon","mace","mace","copper","","blacksmithing","12","forge","copper x4; oak x1","icons/items/mace.webp"
"weapon.mace.bronze","Bronze Mace","weapon","mace","mace","bronze","","blacksmithing","19","forge","copper x4; tin x2; oak x1","icons/items/mace.webp"
"weapon.mace.iron","Iron Mace","weapon","mace","mace","iron","","blacksmithing","26","forge","iron x4; oak x1","icons/items/mace.webp"
"weapon.mace.silver","Silver Mace","weapon","mace","mace","silver","","blacksmithing","33","forge","silver x4; oak x1","icons/items/mace.webp"
"weapon.mace.coldiron","Coldiron Mace","weapon","mace","mace","coldiron","","blacksmithing","40","forge","coldiron x4; oak x1","icons/items/mace.webp"
"weapon.mace.emberite","Emberite Mace","weapon","mace","mace","emberite","","blacksmithing","47","forge","emberite x4; oak x1","icons/items/mace.webp"
"weapon.mace.rimesteel","Rimesteel Mace","weapon","mace","mace","rimesteel","","blacksmithing","54","forge","rimesteel x4; oak x1","icons/items/mace.webp"
"weapon.mace.verdite","Verdite Mace","weapon","mace","mace","verdite","","blacksmithing","61","forge","verdite x4; oak x1","icons/items/mace.webp"
"weapon.mace.voidrock","Voidrock Mace","weapon","mace","mace","voidrock","","blacksmithing","68","forge","voidrock x4; oak x1","icons/items/mace.webp"
"weapon.mace.starfall","Starfall Mace","weapon","mace","mace","starfall","","blacksmithing","75","forge","starfall x4; oak x1","icons/items/mace.webp"
"weapon.longsword.copper","Copper Longsword","weapon","longsword","longsword","copper","","blacksmithing","12","forge","copper x4","icons/items/longsword.webp"
"weapon.longsword.bronze","Bronze Longsword","weapon","longsword","longsword","bronze","","blacksmithing","19","forge","copper x4; tin x2","icons/items/longsword.webp"
"weapon.longsword.iron","Iron Longsword","weapon","longsword","longsword","iron","","blacksmithing","26","forge","iron x4","icons/items/longsword.webp"
"weapon.longsword.silver","Silver Longsword","weapon","longsword","longsword","silver","","blacksmithing","33","forge","silver x4","icons/items/longsword.webp"
"weapon.longsword.coldiron","Coldiron Longsword","weapon","longsword","longsword","coldiron","","blacksmithing","40","forge","coldiron x4","icons/items/longsword.webp"
"weapon.longsword.emberite","Emberite Longsword","weapon","longsword","longsword","emberite","","blacksmithing","47","forge","emberite x4","icons/items/longsword.webp"
"weapon.longsword.rimesteel","Rimesteel Longsword","weapon","longsword","longsword","rimesteel","","blacksmithing","54","forge","rimesteel x4","icons/items/longsword.webp"
"weapon.longsword.verdite","Verdite Longsword","weapon","longsword","longsword","verdite","","blacksmithing","61","forge","verdite x4","icons/items/longsword.webp"
"weapon.longsword.voidrock","Voidrock Longsword","weapon","longsword","longsword","voidrock","","blacksmithing","68","forge","voidrock x4","icons/items/longsword.webp"
"weapon.longsword.starfall","Starfall Longsword","weapon","longsword","longsword","starfall","","blacksmithing","75","forge","starfall x4","icons/items/longsword.webp"
"weapon.axe.copper","Copper Axe","weapon","axe","axe","copper","","blacksmithing","14","forge","copper x5; oak x1","icons/items/axe.webp"
"weapon.axe.bronze","Bronze Axe","weapon","axe","axe","bronze","","blacksmithing","21","forge","copper x5; tin x3; oak x1","icons/items/axe.webp"
"weapon.axe.iron","Iron Axe","weapon","axe","axe","iron","","blacksmithing","28","forge","iron x5; oak x1","icons/items/axe.webp"
"weapon.axe.silver","Silver Axe","weapon","axe","axe","silver","","blacksmithing","35","forge","silver x5; oak x1","icons/items/axe.webp"
"weapon.axe.coldiron","Coldiron Axe","weapon","axe","axe","coldiron","","blacksmithing","42","forge","coldiron x5; oak x1","icons/items/axe.webp"
"weapon.axe.emberite","Emberite Axe","weapon","axe","axe","emberite","","blacksmithing","49","forge","emberite x5; oak x1","icons/items/axe.webp"
"weapon.axe.rimesteel","Rimesteel Axe","weapon","axe","axe","rimesteel","","blacksmithing","56","forge","rimesteel x5; oak x1","icons/items/axe.webp"
"weapon.axe.verdite","Verdite Axe","weapon","axe","axe","verdite","","blacksmithing","63","forge","verdite x5; oak x1","icons/items/axe.webp"
"weapon.axe.voidrock","Voidrock Axe","weapon","axe","axe","voidrock","","blacksmithing","70","forge","voidrock x5; oak x1","icons/items/axe.webp"
"weapon.axe.starfall","Starfall Axe","weapon","axe","axe","starfall","","blacksmithing","77","forge","starfall x5; oak x1","icons/items/axe.webp"
"weapon.spear.copper","Copper Spear","weapon","spear","spear","copper","","blacksmithing","16","forge","copper x5; oak x1","icons/items/spear.webp"
"weapon.spear.bronze","Bronze Spear","weapon","spear","spear","bronze","","blacksmithing","23","forge","copper x5; tin x3; oak x1","icons/items/spear.webp"
"weapon.spear.iron","Iron Spear","weapon","spear","spear","iron","","blacksmithing","30","forge","iron x5; oak x1","icons/items/spear.webp"
"weapon.spear.silver","Silver Spear","weapon","spear","spear","silver","","blacksmithing","37","forge","silver x5; oak x1","icons/items/spear.webp"
"weapon.spear.coldiron","Coldiron Spear","weapon","spear","spear","coldiron","","blacksmithing","44","forge","coldiron x5; oak x1","icons/items/spear.webp"
"weapon.spear.emberite","Emberite Spear","weapon","spear","spear","emberite","","blacksmithing","51","forge","emberite x5; oak x1","icons/items/spear.webp"
"weapon.spear.rimesteel","Rimesteel Spear","weapon","spear","spear","rimesteel","","blacksmithing","58","forge","rimesteel x5; oak x1","icons/items/spear.webp"
"weapon.spear.verdite","Verdite Spear","weapon","spear","spear","verdite","","blacksmithing","65","forge","verdite x5; oak x1","icons/items/spear.webp"
"weapon.spear.voidrock","Voidrock Spear","weapon","spear","spear","voidrock","","blacksmithing","72","forge","voidrock x5; oak x1","icons/items/spear.webp"
"weapon.spear.starfall","Starfall Spear","weapon","spear","spear","starfall","","blacksmithing","79","forge","starfall x5; oak x1","icons/items/spear.webp"
"weapon.glaive.copper","Copper Glaive","weapon","glaive","glaive","copper","","blacksmithing","18","forge","copper x6; oak x1","icons/items/glaive.webp"
"weapon.glaive.bronze","Bronze Glaive","weapon","glaive","glaive","bronze","","blacksmithing","25","forge","copper x6; tin x3; oak x1","icons/items/glaive.webp"
"weapon.glaive.iron","Iron Glaive","weapon","glaive","glaive","iron","","blacksmithing","32","forge","iron x6; oak x1","icons/items/glaive.webp"
"weapon.glaive.silver","Silver Glaive","weapon","glaive","glaive","silver","","blacksmithing","39","forge","silver x6; oak x1","icons/items/glaive.webp"
"weapon.glaive.coldiron","Coldiron Glaive","weapon","glaive","glaive","coldiron","","blacksmithing","46","forge","coldiron x6; oak x1","icons/items/glaive.webp"
"weapon.glaive.emberite","Emberite Glaive","weapon","glaive","glaive","emberite","","blacksmithing","53","forge","emberite x6; oak x1","icons/items/glaive.webp"
"weapon.glaive.rimesteel","Rimesteel Glaive","weapon","glaive","glaive","rimesteel","","blacksmithing","60","forge","rimesteel x6; oak x1","icons/items/glaive.webp"
"weapon.glaive.verdite","Verdite Glaive","weapon","glaive","glaive","verdite","","blacksmithing","67","forge","verdite x6; oak x1","icons/items/glaive.webp"
"weapon.glaive.voidrock","Voidrock Glaive","weapon","glaive","glaive","voidrock","","blacksmithing","74","forge","voidrock x6; oak x1","icons/items/glaive.webp"
"weapon.glaive.starfall","Starfall Glaive","weapon","glaive","glaive","starfall","","blacksmithing","81","forge","starfall x6; oak x1","icons/items/glaive.webp"
"weapon.maul.copper","Copper Maul","weapon","maul","maul","copper","","blacksmithing","20","forge","copper x7; oak x1","icons/items/maul.webp"
"weapon.maul.bronze","Bronze Maul","weapon","maul","maul","bronze","","blacksmithing","27","forge","copper x7; tin x4; oak x1","icons/items/maul.webp"
"weapon.maul.iron","Iron Maul","weapon","maul","maul","iron","","blacksmithing","34","forge","iron x7; oak x1","icons/items/maul.webp"
"weapon.maul.silver","Silver Maul","weapon","maul","maul","silver","","blacksmithing","41","forge","silver x7; oak x1","icons/items/maul.webp"
"weapon.maul.coldiron","Coldiron Maul","weapon","maul","maul","coldiron","","blacksmithing","48","forge","coldiron x7; oak x1","icons/items/maul.webp"
"weapon.maul.emberite","Emberite Maul","weapon","maul","maul","emberite","","blacksmithing","55","forge","emberite x7; oak x1","icons/items/maul.webp"
"weapon.maul.rimesteel","Rimesteel Maul","weapon","maul","maul","rimesteel","","blacksmithing","62","forge","rimesteel x7; oak x1","icons/items/maul.webp"
"weapon.maul.verdite","Verdite Maul","weapon","maul","maul","verdite","","blacksmithing","69","forge","verdite x7; oak x1","icons/items/maul.webp"
"weapon.maul.voidrock","Voidrock Maul","weapon","maul","maul","voidrock","","blacksmithing","76","forge","voidrock x7; oak x1","icons/items/maul.webp"
"weapon.maul.starfall","Starfall Maul","weapon","maul","maul","starfall","","blacksmithing","83","forge","starfall x7; oak x1","icons/items/maul.webp"
"weapon.halberd.copper","Copper Halberd","weapon","halberd","halberd","copper","","blacksmithing","22","forge","copper x7; oak x1","icons/items/halberd.webp"
"weapon.halberd.bronze","Bronze Halberd","weapon","halberd","halberd","bronze","","blacksmithing","29","forge","copper x7; tin x4; oak x1","icons/items/halberd.webp"
"weapon.halberd.iron","Iron Halberd","weapon","halberd","halberd","iron","","blacksmithing","36","forge","iron x7; oak x1","icons/items/halberd.webp"
"weapon.halberd.silver","Silver Halberd","weapon","halberd","halberd","silver","","blacksmithing","43","forge","silver x7; oak x1","icons/items/halberd.webp"
"weapon.halberd.coldiron","Coldiron Halberd","weapon","halberd","halberd","coldiron","","blacksmithing","50","forge","coldiron x7; oak x1","icons/items/halberd.webp"
"weapon.halberd.emberite","Emberite Halberd","weapon","halberd","halberd","emberite","","blacksmithing","57","forge","emberite x7; oak x1","icons/items/halberd.webp"
"weapon.halberd.rimesteel","Rimesteel Halberd","weapon","halberd","halberd","rimesteel","","blacksmithing","64","forge","rimesteel x7; oak x1","icons/items/halberd.webp"
"weapon.halberd.verdite","Verdite Halberd","weapon","halberd","halberd","verdite","","blacksmithing","71","forge","verdite x7; oak x1","icons/items/halberd.webp"
"weapon.halberd.voidrock","Voidrock Halberd","weapon","halberd","halberd","voidrock","","blacksmithing","78","forge","voidrock x7; oak x1","icons/items/halberd.webp"
"weapon.halberd.starfall","Starfall Halberd","weapon","halberd","halberd","starfall","","blacksmithing","85","forge","starfall x7; oak x1","icons/items/halberd.webp"
"weapon.warhammer.copper","Copper Warhammer","weapon","warhammer","warhammer","copper","","blacksmithing","22","forge","copper x7; oak x1","icons/items/warhammer.webp"
"weapon.warhammer.bronze","Bronze Warhammer","weapon","warhammer","warhammer","bronze","","blacksmithing","29","forge","copper x7; tin x4; oak x1","icons/items/warhammer.webp"
"weapon.warhammer.iron","Iron Warhammer","weapon","warhammer","warhammer","iron","","blacksmithing","36","forge","iron x7; oak x1","icons/items/warhammer.webp"
"weapon.warhammer.silver","Silver Warhammer","weapon","warhammer","warhammer","silver","","blacksmithing","43","forge","silver x7; oak x1","icons/items/warhammer.webp"
"weapon.warhammer.coldiron","Coldiron Warhammer","weapon","warhammer","warhammer","coldiron","","blacksmithing","50","forge","coldiron x7; oak x1","icons/items/warhammer.webp"
"weapon.warhammer.emberite","Emberite Warhammer","weapon","warhammer","warhammer","emberite","","blacksmithing","57","forge","emberite x7; oak x1","icons/items/warhammer.webp"
"weapon.warhammer.rimesteel","Rimesteel Warhammer","weapon","warhammer","warhammer","rimesteel","","blacksmithing","64","forge","rimesteel x7; oak x1","icons/items/warhammer.webp"
"weapon.warhammer.verdite","Verdite Warhammer","weapon","warhammer","warhammer","verdite","","blacksmithing","71","forge","verdite x7; oak x1","icons/items/warhammer.webp"
"weapon.warhammer.voidrock","Voidrock Warhammer","weapon","warhammer","warhammer","voidrock","","blacksmithing","78","forge","voidrock x7; oak x1","icons/items/warhammer.webp"
"weapon.warhammer.starfall","Starfall Warhammer","weapon","warhammer","warhammer","starfall","","blacksmithing","85","forge","starfall x7; oak x1","icons/items/warhammer.webp"
"weapon.battleaxe.copper","Copper Battleaxe","weapon","battleaxe","battleaxe","copper","","blacksmithing","24","forge","copper x8; oak x1","icons/items/battleaxe.webp"
"weapon.battleaxe.bronze","Bronze Battleaxe","weapon","battleaxe","battleaxe","bronze","","blacksmithing","31","forge","copper x8; tin x4; oak x1","icons/items/battleaxe.webp"
"weapon.battleaxe.iron","Iron Battleaxe","weapon","battleaxe","battleaxe","iron","","blacksmithing","38","forge","iron x8; oak x1","icons/items/battleaxe.webp"
"weapon.battleaxe.silver","Silver Battleaxe","weapon","battleaxe","battleaxe","silver","","blacksmithing","45","forge","silver x8; oak x1","icons/items/battleaxe.webp"
"weapon.battleaxe.coldiron","Coldiron Battleaxe","weapon","battleaxe","battleaxe","coldiron","","blacksmithing","52","forge","coldiron x8; oak x1","icons/items/battleaxe.webp"
"weapon.battleaxe.emberite","Emberite Battleaxe","weapon","battleaxe","battleaxe","emberite","","blacksmithing","59","forge","emberite x8; oak x1","icons/items/battleaxe.webp"
"weapon.battleaxe.rimesteel","Rimesteel Battleaxe","weapon","battleaxe","battleaxe","rimesteel","","blacksmithing","66","forge","rimesteel x8; oak x1","icons/items/battleaxe.webp"
"weapon.battleaxe.verdite","Verdite Battleaxe","weapon","battleaxe","battleaxe","verdite","","blacksmithing","73","forge","verdite x8; oak x1","icons/items/battleaxe.webp"
"weapon.battleaxe.voidrock","Voidrock Battleaxe","weapon","battleaxe","battleaxe","voidrock","","blacksmithing","80","forge","voidrock x8; oak x1","icons/items/battleaxe.webp"
"weapon.battleaxe.starfall","Starfall Battleaxe","weapon","battleaxe","battleaxe","starfall","","blacksmithing","87","forge","starfall x8; oak x1","icons/items/battleaxe.webp"
"weapon.greatsword.copper","Copper Greatsword","weapon","greatsword","greatsword","copper","","blacksmithing","25","forge","copper x8","icons/items/greatsword.webp"
"weapon.greatsword.bronze","Bronze Greatsword","weapon","greatsword","greatsword","bronze","","blacksmithing","32","forge","copper x8; tin x4","icons/items/greatsword.webp"
"weapon.greatsword.iron","Iron Greatsword","weapon","greatsword","greatsword","iron","","blacksmithing","39","forge","iron x8","icons/items/greatsword.webp"
"weapon.greatsword.silver","Silver Greatsword","weapon","greatsword","greatsword","silver","","blacksmithing","46","forge","silver x8","icons/items/greatsword.webp"
"weapon.greatsword.coldiron","Coldiron Greatsword","weapon","greatsword","greatsword","coldiron","","blacksmithing","53","forge","coldiron x8","icons/items/greatsword.webp"
"weapon.greatsword.emberite","Emberite Greatsword","weapon","greatsword","greatsword","emberite","","blacksmithing","60","forge","emberite x8","icons/items/greatsword.webp"
"weapon.greatsword.rimesteel","Rimesteel Greatsword","weapon","greatsword","greatsword","rimesteel","","blacksmithing","67","forge","rimesteel x8","icons/items/greatsword.webp"
"weapon.greatsword.verdite","Verdite Greatsword","weapon","greatsword","greatsword","verdite","","blacksmithing","74","forge","verdite x8","icons/items/greatsword.webp"
"weapon.greatsword.voidrock","Voidrock Greatsword","weapon","greatsword","greatsword","voidrock","","blacksmithing","81","forge","voidrock x8","icons/items/greatsword.webp"
"weapon.greatsword.starfall","Starfall Greatsword","weapon","greatsword","greatsword","starfall","","blacksmithing","88","forge","starfall x8","icons/items/greatsword.webp"
"armour.cloth.head.cloth","Cloth hood","armour","cloth_hood","cloth_head","cloth","","tailoring","5","loom","cloth x1","icons/items/cloth-hood.webp"
"armour.cloth.chest.cloth","Cloth robe","armour","cloth_robe","cloth_chest","cloth","","tailoring","10","loom","cloth x3","icons/items/cloth-robe.webp"
"armour.cloth.hands.cloth","Cloth gloves","armour","cloth_gloves","cloth_hands","cloth","","tailoring","3","loom","cloth x1","icons/items/cloth-gloves.webp"
"armour.cloth.wrists.cloth","Cloth bracers","armour","cloth_bracers","cloth_wrists","cloth","","tailoring","3","loom","cloth x1","icons/items/cloth-bracers.webp"
"armour.cloth.waist.cloth","Cloth sash","armour","cloth_sash","cloth_waist","cloth","","tailoring","2","loom","cloth x1","icons/items/cloth-sash.webp"
"armour.cloth.legs.cloth","Cloth leggings","armour","cloth_leggings","cloth_legs","cloth","","tailoring","7","loom","cloth x2","icons/items/cloth-leggings.webp"
"armour.cloth.feet.cloth","Cloth sandals","armour","cloth_sandals","cloth_feet","cloth","","tailoring","3","loom","cloth x1","icons/items/cloth-sandals.webp"
"armour.cloth.back.cloth","Cloth cloak","armour","cloth_cloak","cloth_back","cloth","","tailoring","4","loom","cloth x1","icons/items/cloth-cloak.webp"
"armour.leather.head.hide","Hide hood","armour","leather_hood","leather_head","hide","","tailoring","9","tanningRack","hide x2","icons/items/leather-helm.webp"
"armour.leather.chest.hide","Hide tunic","armour","leather_tunic","leather_chest","hide","","tailoring","14","tanningRack","hide x4","icons/items/leather-tunic.webp"
"armour.leather.hands.hide","Hide gloves","armour","leather_gloves","leather_hands","hide","","tailoring","7","tanningRack","hide x2","icons/items/leather-gloves.webp"
"armour.leather.wrists.hide","Hide bracers","armour","leather_bracers","leather_wrists","hide","","tailoring","7","tanningRack","hide x2","icons/items/leather-bracers.webp"
"armour.leather.waist.hide","Hide belt","armour","leather_belt","leather_waist","hide","","tailoring","6","tanningRack","hide x2","icons/items/leather-belt.webp"
"armour.leather.legs.hide","Hide leggings","armour","leather_leggings","leather_legs","hide","","tailoring","11","tanningRack","hide x3","icons/items/leather-leggings.webp"
"armour.leather.feet.hide","Hide boots","armour","leather_boots","leather_feet","hide","","tailoring","7","tanningRack","hide x2","icons/items/leather-boots.webp"
"armour.leather.back.hide","Hide cloak","armour","leather_cloak","leather_back","hide","","tailoring","8","tanningRack","hide x2","icons/items/leather-cloak.webp"
"armour.studded.head.hide","Hide hood","armour","studded_hood","studded_head","hide","","tailoring","15","tanningRack","hide x4; iron x1",""
"armour.studded.chest.hide","Hide tunic","armour","studded_tunic","studded_chest","hide","","tailoring","20","tanningRack","hide x5; iron x1",""
"armour.studded.hands.hide","Hide gloves","armour","studded_gloves","studded_hands","hide","","tailoring","13","tanningRack","hide x3; iron x1",""
"armour.studded.wrists.hide","Hide bracers","armour","studded_bracers","studded_wrists","hide","","tailoring","13","tanningRack","hide x3; iron x1",""
"armour.studded.waist.hide","Hide belt","armour","studded_belt","studded_waist","hide","","tailoring","12","tanningRack","hide x3; iron x1",""
"armour.studded.legs.hide","Hide leggings","armour","studded_leggings","studded_legs","hide","","tailoring","17","tanningRack","hide x4; iron x1",""
"armour.studded.feet.hide","Hide boots","armour","studded_boots","studded_feet","hide","","tailoring","13","tanningRack","hide x3; iron x1",""
"armour.studded.back.hide","Hide cloak","armour","studded_cloak","studded_back","hide","","tailoring","14","tanningRack","hide x4; iron x1",""
"armour.ring.head.iron","Iron Ringmail helm","armour","ring_helm","ring_head","iron","","blacksmithing","35","forge","iron x5",""
"armour.ring.head.silver","Silver Ringmail helm","armour","ring_helm","ring_head","silver","","blacksmithing","42","forge","silver x5",""
"armour.ring.head.coldiron","Coldiron Ringmail helm","armour","ring_helm","ring_head","coldiron","","blacksmithing","49","forge","coldiron x5",""
"armour.ring.head.emberite","Emberite Ringmail helm","armour","ring_helm","ring_head","emberite","","blacksmithing","56","forge","emberite x5",""
"armour.ring.head.rimesteel","Rimesteel Ringmail helm","armour","ring_helm","ring_head","rimesteel","","blacksmithing","63","forge","rimesteel x5",""
"armour.ring.head.verdite","Verdite Ringmail helm","armour","ring_helm","ring_head","verdite","","blacksmithing","70","forge","verdite x5",""
"armour.ring.head.voidrock","Voidrock Ringmail helm","armour","ring_helm","ring_head","voidrock","","blacksmithing","77","forge","voidrock x5",""
"armour.ring.head.starfall","Starfall Ringmail helm","armour","ring_helm","ring_head","starfall","","blacksmithing","84","forge","starfall x5",""
"armour.ring.chest.iron","Iron Ringmail tunic","armour","ring_tunic","ring_chest","iron","","blacksmithing","40","forge","iron x7","icons/items/ringmail-breastplate.webp"
"armour.ring.chest.silver","Silver Ringmail tunic","armour","ring_tunic","ring_chest","silver","","blacksmithing","47","forge","silver x7","icons/items/ringmail-breastplate.webp"
"armour.ring.chest.coldiron","Coldiron Ringmail tunic","armour","ring_tunic","ring_chest","coldiron","","blacksmithing","54","forge","coldiron x7","icons/items/ringmail-breastplate.webp"
"armour.ring.chest.emberite","Emberite Ringmail tunic","armour","ring_tunic","ring_chest","emberite","","blacksmithing","61","forge","emberite x7","icons/items/ringmail-breastplate.webp"
"armour.ring.chest.rimesteel","Rimesteel Ringmail tunic","armour","ring_tunic","ring_chest","rimesteel","","blacksmithing","68","forge","rimesteel x7","icons/items/ringmail-breastplate.webp"
"armour.ring.chest.verdite","Verdite Ringmail tunic","armour","ring_tunic","ring_chest","verdite","","blacksmithing","75","forge","verdite x7","icons/items/ringmail-breastplate.webp"
"armour.ring.chest.voidrock","Voidrock Ringmail tunic","armour","ring_tunic","ring_chest","voidrock","","blacksmithing","82","forge","voidrock x7","icons/items/ringmail-breastplate.webp"
"armour.ring.chest.starfall","Starfall Ringmail tunic","armour","ring_tunic","ring_chest","starfall","","blacksmithing","89","forge","starfall x7","icons/items/ringmail-breastplate.webp"
"armour.ring.hands.iron","Iron Ringmail gauntlets","armour","ring_gauntlets","ring_hands","iron","","blacksmithing","33","forge","iron x5",""
"armour.ring.hands.silver","Silver Ringmail gauntlets","armour","ring_gauntlets","ring_hands","silver","","blacksmithing","40","forge","silver x5",""
"armour.ring.hands.coldiron","Coldiron Ringmail gauntlets","armour","ring_gauntlets","ring_hands","coldiron","","blacksmithing","47","forge","coldiron x5",""
"armour.ring.hands.emberite","Emberite Ringmail gauntlets","armour","ring_gauntlets","ring_hands","emberite","","blacksmithing","54","forge","emberite x5",""
"armour.ring.hands.rimesteel","Rimesteel Ringmail gauntlets","armour","ring_gauntlets","ring_hands","rimesteel","","blacksmithing","61","forge","rimesteel x5",""
"armour.ring.hands.verdite","Verdite Ringmail gauntlets","armour","ring_gauntlets","ring_hands","verdite","","blacksmithing","68","forge","verdite x5",""
"armour.ring.hands.voidrock","Voidrock Ringmail gauntlets","armour","ring_gauntlets","ring_hands","voidrock","","blacksmithing","75","forge","voidrock x5",""
"armour.ring.hands.starfall","Starfall Ringmail gauntlets","armour","ring_gauntlets","ring_hands","starfall","","blacksmithing","82","forge","starfall x5",""
"armour.ring.wrists.iron","Iron Ringmail bracers","armour","ring_bracers","ring_wrists","iron","","blacksmithing","33","forge","iron x5",""
"armour.ring.wrists.silver","Silver Ringmail bracers","armour","ring_bracers","ring_wrists","silver","","blacksmithing","40","forge","silver x5",""
"armour.ring.wrists.coldiron","Coldiron Ringmail bracers","armour","ring_bracers","ring_wrists","coldiron","","blacksmithing","47","forge","coldiron x5",""
"armour.ring.wrists.emberite","Emberite Ringmail bracers","armour","ring_bracers","ring_wrists","emberite","","blacksmithing","54","forge","emberite x5",""
"armour.ring.wrists.rimesteel","Rimesteel Ringmail bracers","armour","ring_bracers","ring_wrists","rimesteel","","blacksmithing","61","forge","rimesteel x5",""
"armour.ring.wrists.verdite","Verdite Ringmail bracers","armour","ring_bracers","ring_wrists","verdite","","blacksmithing","68","forge","verdite x5",""
"armour.ring.wrists.voidrock","Voidrock Ringmail bracers","armour","ring_bracers","ring_wrists","voidrock","","blacksmithing","75","forge","voidrock x5",""
"armour.ring.wrists.starfall","Starfall Ringmail bracers","armour","ring_bracers","ring_wrists","starfall","","blacksmithing","82","forge","starfall x5",""
"armour.ring.waist.iron","Iron Ringmail belt","armour","ring_belt","ring_waist","iron","","blacksmithing","32","forge","iron x5",""
"armour.ring.waist.silver","Silver Ringmail belt","armour","ring_belt","ring_waist","silver","","blacksmithing","39","forge","silver x5",""
"armour.ring.waist.coldiron","Coldiron Ringmail belt","armour","ring_belt","ring_waist","coldiron","","blacksmithing","46","forge","coldiron x5",""
"armour.ring.waist.emberite","Emberite Ringmail belt","armour","ring_belt","ring_waist","emberite","","blacksmithing","53","forge","emberite x5",""
"armour.ring.waist.rimesteel","Rimesteel Ringmail belt","armour","ring_belt","ring_waist","rimesteel","","blacksmithing","60","forge","rimesteel x5",""
"armour.ring.waist.verdite","Verdite Ringmail belt","armour","ring_belt","ring_waist","verdite","","blacksmithing","67","forge","verdite x5",""
"armour.ring.waist.voidrock","Voidrock Ringmail belt","armour","ring_belt","ring_waist","voidrock","","blacksmithing","74","forge","voidrock x5",""
"armour.ring.waist.starfall","Starfall Ringmail belt","armour","ring_belt","ring_waist","starfall","","blacksmithing","81","forge","starfall x5",""
"armour.ring.legs.iron","Iron Ringmail greaves","armour","ring_greaves","ring_legs","iron","","blacksmithing","37","forge","iron x6","icons/items/ringmail-greaves.webp"
"armour.ring.legs.silver","Silver Ringmail greaves","armour","ring_greaves","ring_legs","silver","","blacksmithing","44","forge","silver x6","icons/items/ringmail-greaves.webp"
"armour.ring.legs.coldiron","Coldiron Ringmail greaves","armour","ring_greaves","ring_legs","coldiron","","blacksmithing","51","forge","coldiron x6","icons/items/ringmail-greaves.webp"
"armour.ring.legs.emberite","Emberite Ringmail greaves","armour","ring_greaves","ring_legs","emberite","","blacksmithing","58","forge","emberite x6","icons/items/ringmail-greaves.webp"
"armour.ring.legs.rimesteel","Rimesteel Ringmail greaves","armour","ring_greaves","ring_legs","rimesteel","","blacksmithing","65","forge","rimesteel x6","icons/items/ringmail-greaves.webp"
"armour.ring.legs.verdite","Verdite Ringmail greaves","armour","ring_greaves","ring_legs","verdite","","blacksmithing","72","forge","verdite x6","icons/items/ringmail-greaves.webp"
"armour.ring.legs.voidrock","Voidrock Ringmail greaves","armour","ring_greaves","ring_legs","voidrock","","blacksmithing","79","forge","voidrock x6","icons/items/ringmail-greaves.webp"
"armour.ring.legs.starfall","Starfall Ringmail greaves","armour","ring_greaves","ring_legs","starfall","","blacksmithing","86","forge","starfall x6","icons/items/ringmail-greaves.webp"
"armour.ring.feet.iron","Iron Ringmail boots","armour","ring_boots","ring_feet","iron","","blacksmithing","33","forge","iron x5",""
"armour.ring.feet.silver","Silver Ringmail boots","armour","ring_boots","ring_feet","silver","","blacksmithing","40","forge","silver x5",""
"armour.ring.feet.coldiron","Coldiron Ringmail boots","armour","ring_boots","ring_feet","coldiron","","blacksmithing","47","forge","coldiron x5",""
"armour.ring.feet.emberite","Emberite Ringmail boots","armour","ring_boots","ring_feet","emberite","","blacksmithing","54","forge","emberite x5",""
"armour.ring.feet.rimesteel","Rimesteel Ringmail boots","armour","ring_boots","ring_feet","rimesteel","","blacksmithing","61","forge","rimesteel x5",""
"armour.ring.feet.verdite","Verdite Ringmail boots","armour","ring_boots","ring_feet","verdite","","blacksmithing","68","forge","verdite x5",""
"armour.ring.feet.voidrock","Voidrock Ringmail boots","armour","ring_boots","ring_feet","voidrock","","blacksmithing","75","forge","voidrock x5",""
"armour.ring.feet.starfall","Starfall Ringmail boots","armour","ring_boots","ring_feet","starfall","","blacksmithing","82","forge","starfall x5",""
"armour.ring.back.iron","Iron Ringmail cloak","armour","ring_cloak","ring_back","iron","","blacksmithing","34","forge","iron x5",""
"armour.ring.back.silver","Silver Ringmail cloak","armour","ring_cloak","ring_back","silver","","blacksmithing","41","forge","silver x5",""
"armour.ring.back.coldiron","Coldiron Ringmail cloak","armour","ring_cloak","ring_back","coldiron","","blacksmithing","48","forge","coldiron x5",""
"armour.ring.back.emberite","Emberite Ringmail cloak","armour","ring_cloak","ring_back","emberite","","blacksmithing","55","forge","emberite x5",""
"armour.ring.back.rimesteel","Rimesteel Ringmail cloak","armour","ring_cloak","ring_back","rimesteel","","blacksmithing","62","forge","rimesteel x5",""
"armour.ring.back.verdite","Verdite Ringmail cloak","armour","ring_cloak","ring_back","verdite","","blacksmithing","69","forge","verdite x5",""
"armour.ring.back.voidrock","Voidrock Ringmail cloak","armour","ring_cloak","ring_back","voidrock","","blacksmithing","76","forge","voidrock x5",""
"armour.ring.back.starfall","Starfall Ringmail cloak","armour","ring_cloak","ring_back","starfall","","blacksmithing","83","forge","starfall x5",""
"armour.chain.head.iron","Iron Chainmail helm","armour","chain_helm","chain_head","iron","","blacksmithing","41","forge","iron x7",""
"armour.chain.head.silver","Silver Chainmail helm","armour","chain_helm","chain_head","silver","","blacksmithing","48","forge","silver x7",""
"armour.chain.head.coldiron","Coldiron Chainmail helm","armour","chain_helm","chain_head","coldiron","","blacksmithing","55","forge","coldiron x7",""
"armour.chain.head.emberite","Emberite Chainmail helm","armour","chain_helm","chain_head","emberite","","blacksmithing","62","forge","emberite x7",""
"armour.chain.head.rimesteel","Rimesteel Chainmail helm","armour","chain_helm","chain_head","rimesteel","","blacksmithing","69","forge","rimesteel x7",""
"armour.chain.head.verdite","Verdite Chainmail helm","armour","chain_helm","chain_head","verdite","","blacksmithing","76","forge","verdite x7",""
"armour.chain.head.voidrock","Voidrock Chainmail helm","armour","chain_helm","chain_head","voidrock","","blacksmithing","83","forge","voidrock x7",""
"armour.chain.head.starfall","Starfall Chainmail helm","armour","chain_helm","chain_head","starfall","","blacksmithing","90","forge","starfall x7",""
"armour.chain.chest.iron","Iron Chainmail tunic","armour","chain_tunic","chain_chest","iron","","blacksmithing","46","forge","iron x8",""
"armour.chain.chest.silver","Silver Chainmail tunic","armour","chain_tunic","chain_chest","silver","","blacksmithing","53","forge","silver x8",""
"armour.chain.chest.coldiron","Coldiron Chainmail tunic","armour","chain_tunic","chain_chest","coldiron","","blacksmithing","60","forge","coldiron x8",""
"armour.chain.chest.emberite","Emberite Chainmail tunic","armour","chain_tunic","chain_chest","emberite","","blacksmithing","67","forge","emberite x8",""
"armour.chain.chest.rimesteel","Rimesteel Chainmail tunic","armour","chain_tunic","chain_chest","rimesteel","","blacksmithing","74","forge","rimesteel x8",""
"armour.chain.chest.verdite","Verdite Chainmail tunic","armour","chain_tunic","chain_chest","verdite","","blacksmithing","81","forge","verdite x8",""
"armour.chain.chest.voidrock","Voidrock Chainmail tunic","armour","chain_tunic","chain_chest","voidrock","","blacksmithing","88","forge","voidrock x8",""
"armour.chain.chest.starfall","Starfall Chainmail tunic","armour","chain_tunic","chain_chest","starfall","","blacksmithing","95","forge","starfall x8",""
"armour.chain.hands.iron","Iron Chainmail gauntlets","armour","chain_gauntlets","chain_hands","iron","","blacksmithing","39","forge","iron x6",""
"armour.chain.hands.silver","Silver Chainmail gauntlets","armour","chain_gauntlets","chain_hands","silver","","blacksmithing","46","forge","silver x6",""
"armour.chain.hands.coldiron","Coldiron Chainmail gauntlets","armour","chain_gauntlets","chain_hands","coldiron","","blacksmithing","53","forge","coldiron x6",""
"armour.chain.hands.emberite","Emberite Chainmail gauntlets","armour","chain_gauntlets","chain_hands","emberite","","blacksmithing","60","forge","emberite x6",""
"armour.chain.hands.rimesteel","Rimesteel Chainmail gauntlets","armour","chain_gauntlets","chain_hands","rimesteel","","blacksmithing","67","forge","rimesteel x6",""
"armour.chain.hands.verdite","Verdite Chainmail gauntlets","armour","chain_gauntlets","chain_hands","verdite","","blacksmithing","74","forge","verdite x6",""
"armour.chain.hands.voidrock","Voidrock Chainmail gauntlets","armour","chain_gauntlets","chain_hands","voidrock","","blacksmithing","81","forge","voidrock x6",""
"armour.chain.hands.starfall","Starfall Chainmail gauntlets","armour","chain_gauntlets","chain_hands","starfall","","blacksmithing","88","forge","starfall x6",""
"armour.chain.wrists.iron","Iron Chainmail bracers","armour","chain_bracers","chain_wrists","iron","","blacksmithing","39","forge","iron x6",""
"armour.chain.wrists.silver","Silver Chainmail bracers","armour","chain_bracers","chain_wrists","silver","","blacksmithing","46","forge","silver x6",""
"armour.chain.wrists.coldiron","Coldiron Chainmail bracers","armour","chain_bracers","chain_wrists","coldiron","","blacksmithing","53","forge","coldiron x6",""
"armour.chain.wrists.emberite","Emberite Chainmail bracers","armour","chain_bracers","chain_wrists","emberite","","blacksmithing","60","forge","emberite x6",""
"armour.chain.wrists.rimesteel","Rimesteel Chainmail bracers","armour","chain_bracers","chain_wrists","rimesteel","","blacksmithing","67","forge","rimesteel x6",""
"armour.chain.wrists.verdite","Verdite Chainmail bracers","armour","chain_bracers","chain_wrists","verdite","","blacksmithing","74","forge","verdite x6",""
"armour.chain.wrists.voidrock","Voidrock Chainmail bracers","armour","chain_bracers","chain_wrists","voidrock","","blacksmithing","81","forge","voidrock x6",""
"armour.chain.wrists.starfall","Starfall Chainmail bracers","armour","chain_bracers","chain_wrists","starfall","","blacksmithing","88","forge","starfall x6",""
"armour.chain.waist.iron","Iron Chainmail belt","armour","chain_belt","chain_waist","iron","","blacksmithing","38","forge","iron x6",""
"armour.chain.waist.silver","Silver Chainmail belt","armour","chain_belt","chain_waist","silver","","blacksmithing","45","forge","silver x6",""
"armour.chain.waist.coldiron","Coldiron Chainmail belt","armour","chain_belt","chain_waist","coldiron","","blacksmithing","52","forge","coldiron x6",""
"armour.chain.waist.emberite","Emberite Chainmail belt","armour","chain_belt","chain_waist","emberite","","blacksmithing","59","forge","emberite x6",""
"armour.chain.waist.rimesteel","Rimesteel Chainmail belt","armour","chain_belt","chain_waist","rimesteel","","blacksmithing","66","forge","rimesteel x6",""
"armour.chain.waist.verdite","Verdite Chainmail belt","armour","chain_belt","chain_waist","verdite","","blacksmithing","73","forge","verdite x6",""
"armour.chain.waist.voidrock","Voidrock Chainmail belt","armour","chain_belt","chain_waist","voidrock","","blacksmithing","80","forge","voidrock x6",""
"armour.chain.waist.starfall","Starfall Chainmail belt","armour","chain_belt","chain_waist","starfall","","blacksmithing","87","forge","starfall x6",""
"armour.chain.legs.iron","Iron Chainmail greaves","armour","chain_greaves","chain_legs","iron","","blacksmithing","43","forge","iron x7",""
"armour.chain.legs.silver","Silver Chainmail greaves","armour","chain_greaves","chain_legs","silver","","blacksmithing","50","forge","silver x7",""
"armour.chain.legs.coldiron","Coldiron Chainmail greaves","armour","chain_greaves","chain_legs","coldiron","","blacksmithing","57","forge","coldiron x7",""
"armour.chain.legs.emberite","Emberite Chainmail greaves","armour","chain_greaves","chain_legs","emberite","","blacksmithing","64","forge","emberite x7",""
"armour.chain.legs.rimesteel","Rimesteel Chainmail greaves","armour","chain_greaves","chain_legs","rimesteel","","blacksmithing","71","forge","rimesteel x7",""
"armour.chain.legs.verdite","Verdite Chainmail greaves","armour","chain_greaves","chain_legs","verdite","","blacksmithing","78","forge","verdite x7",""
"armour.chain.legs.voidrock","Voidrock Chainmail greaves","armour","chain_greaves","chain_legs","voidrock","","blacksmithing","85","forge","voidrock x7",""
"armour.chain.legs.starfall","Starfall Chainmail greaves","armour","chain_greaves","chain_legs","starfall","","blacksmithing","92","forge","starfall x7",""
"armour.chain.feet.iron","Iron Chainmail boots","armour","chain_boots","chain_feet","iron","","blacksmithing","39","forge","iron x6",""
"armour.chain.feet.silver","Silver Chainmail boots","armour","chain_boots","chain_feet","silver","","blacksmithing","46","forge","silver x6",""
"armour.chain.feet.coldiron","Coldiron Chainmail boots","armour","chain_boots","chain_feet","coldiron","","blacksmithing","53","forge","coldiron x6",""
"armour.chain.feet.emberite","Emberite Chainmail boots","armour","chain_boots","chain_feet","emberite","","blacksmithing","60","forge","emberite x6",""
"armour.chain.feet.rimesteel","Rimesteel Chainmail boots","armour","chain_boots","chain_feet","rimesteel","","blacksmithing","67","forge","rimesteel x6",""
"armour.chain.feet.verdite","Verdite Chainmail boots","armour","chain_boots","chain_feet","verdite","","blacksmithing","74","forge","verdite x6",""
"armour.chain.feet.voidrock","Voidrock Chainmail boots","armour","chain_boots","chain_feet","voidrock","","blacksmithing","81","forge","voidrock x6",""
"armour.chain.feet.starfall","Starfall Chainmail boots","armour","chain_boots","chain_feet","starfall","","blacksmithing","88","forge","starfall x6",""
"armour.chain.back.iron","Iron Chainmail cloak","armour","chain_cloak","chain_back","iron","","blacksmithing","40","forge","iron x7",""
"armour.chain.back.silver","Silver Chainmail cloak","armour","chain_cloak","chain_back","silver","","blacksmithing","47","forge","silver x7",""
"armour.chain.back.coldiron","Coldiron Chainmail cloak","armour","chain_cloak","chain_back","coldiron","","blacksmithing","54","forge","coldiron x7",""
"armour.chain.back.emberite","Emberite Chainmail cloak","armour","chain_cloak","chain_back","emberite","","blacksmithing","61","forge","emberite x7",""
"armour.chain.back.rimesteel","Rimesteel Chainmail cloak","armour","chain_cloak","chain_back","rimesteel","","blacksmithing","68","forge","rimesteel x7",""
"armour.chain.back.verdite","Verdite Chainmail cloak","armour","chain_cloak","chain_back","verdite","","blacksmithing","75","forge","verdite x7",""
"armour.chain.back.voidrock","Voidrock Chainmail cloak","armour","chain_cloak","chain_back","voidrock","","blacksmithing","82","forge","voidrock x7",""
"armour.chain.back.starfall","Starfall Chainmail cloak","armour","chain_cloak","chain_back","starfall","","blacksmithing","89","forge","starfall x7",""
"armour.plate.head.iron","Iron Platemail helm","armour","plate_helm","plate_head","iron","","blacksmithing","49","forge","iron x9",""
"armour.plate.head.silver","Silver Platemail helm","armour","plate_helm","plate_head","silver","","blacksmithing","56","forge","silver x9",""
"armour.plate.head.coldiron","Coldiron Platemail helm","armour","plate_helm","plate_head","coldiron","","blacksmithing","63","forge","coldiron x9",""
"armour.plate.head.emberite","Emberite Platemail helm","armour","plate_helm","plate_head","emberite","","blacksmithing","70","forge","emberite x9",""
"armour.plate.head.rimesteel","Rimesteel Platemail helm","armour","plate_helm","plate_head","rimesteel","","blacksmithing","77","forge","rimesteel x9",""
"armour.plate.head.verdite","Verdite Platemail helm","armour","plate_helm","plate_head","verdite","","blacksmithing","84","forge","verdite x9",""
"armour.plate.head.voidrock","Voidrock Platemail helm","armour","plate_helm","plate_head","voidrock","","blacksmithing","91","forge","voidrock x9",""
"armour.plate.head.starfall","Starfall Platemail helm","armour","plate_helm","plate_head","starfall","","blacksmithing","95","forge","starfall x9",""
"armour.plate.chest.iron","Iron Platemail breastplate","armour","plate_breastplate","plate_chest","iron","","blacksmithing","54","forge","iron x10",""
"armour.plate.chest.silver","Silver Platemail breastplate","armour","plate_breastplate","plate_chest","silver","","blacksmithing","61","forge","silver x10",""
"armour.plate.chest.coldiron","Coldiron Platemail breastplate","armour","plate_breastplate","plate_chest","coldiron","","blacksmithing","68","forge","coldiron x10",""
"armour.plate.chest.emberite","Emberite Platemail breastplate","armour","plate_breastplate","plate_chest","emberite","","blacksmithing","75","forge","emberite x10",""
"armour.plate.chest.rimesteel","Rimesteel Platemail breastplate","armour","plate_breastplate","plate_chest","rimesteel","","blacksmithing","82","forge","rimesteel x10",""
"armour.plate.chest.verdite","Verdite Platemail breastplate","armour","plate_breastplate","plate_chest","verdite","","blacksmithing","89","forge","verdite x10",""
"armour.plate.chest.voidrock","Voidrock Platemail breastplate","armour","plate_breastplate","plate_chest","voidrock","","blacksmithing","95","forge","voidrock x10",""
"armour.plate.chest.starfall","Starfall Platemail breastplate","armour","plate_breastplate","plate_chest","starfall","","blacksmithing","95","forge","starfall x10",""
"armour.plate.hands.iron","Iron Platemail gauntlets","armour","plate_gauntlets","plate_hands","iron","","blacksmithing","47","forge","iron x8",""
"armour.plate.hands.silver","Silver Platemail gauntlets","armour","plate_gauntlets","plate_hands","silver","","blacksmithing","54","forge","silver x8",""
"armour.plate.hands.coldiron","Coldiron Platemail gauntlets","armour","plate_gauntlets","plate_hands","coldiron","","blacksmithing","61","forge","coldiron x8",""
"armour.plate.hands.emberite","Emberite Platemail gauntlets","armour","plate_gauntlets","plate_hands","emberite","","blacksmithing","68","forge","emberite x8",""
"armour.plate.hands.rimesteel","Rimesteel Platemail gauntlets","armour","plate_gauntlets","plate_hands","rimesteel","","blacksmithing","75","forge","rimesteel x8",""
"armour.plate.hands.verdite","Verdite Platemail gauntlets","armour","plate_gauntlets","plate_hands","verdite","","blacksmithing","82","forge","verdite x8",""
"armour.plate.hands.voidrock","Voidrock Platemail gauntlets","armour","plate_gauntlets","plate_hands","voidrock","","blacksmithing","89","forge","voidrock x8",""
"armour.plate.hands.starfall","Starfall Platemail gauntlets","armour","plate_gauntlets","plate_hands","starfall","","blacksmithing","95","forge","starfall x8",""
"armour.plate.wrists.iron","Iron Platemail bracers","armour","plate_bracers","plate_wrists","iron","","blacksmithing","47","forge","iron x8",""
"armour.plate.wrists.silver","Silver Platemail bracers","armour","plate_bracers","plate_wrists","silver","","blacksmithing","54","forge","silver x8",""
"armour.plate.wrists.coldiron","Coldiron Platemail bracers","armour","plate_bracers","plate_wrists","coldiron","","blacksmithing","61","forge","coldiron x8",""
"armour.plate.wrists.emberite","Emberite Platemail bracers","armour","plate_bracers","plate_wrists","emberite","","blacksmithing","68","forge","emberite x8",""
"armour.plate.wrists.rimesteel","Rimesteel Platemail bracers","armour","plate_bracers","plate_wrists","rimesteel","","blacksmithing","75","forge","rimesteel x8",""
"armour.plate.wrists.verdite","Verdite Platemail bracers","armour","plate_bracers","plate_wrists","verdite","","blacksmithing","82","forge","verdite x8",""
"armour.plate.wrists.voidrock","Voidrock Platemail bracers","armour","plate_bracers","plate_wrists","voidrock","","blacksmithing","89","forge","voidrock x8",""
"armour.plate.wrists.starfall","Starfall Platemail bracers","armour","plate_bracers","plate_wrists","starfall","","blacksmithing","95","forge","starfall x8",""
"armour.plate.waist.iron","Iron Platemail belt","armour","plate_belt","plate_waist","iron","","blacksmithing","46","forge","iron x8",""
"armour.plate.waist.silver","Silver Platemail belt","armour","plate_belt","plate_waist","silver","","blacksmithing","53","forge","silver x8",""
"armour.plate.waist.coldiron","Coldiron Platemail belt","armour","plate_belt","plate_waist","coldiron","","blacksmithing","60","forge","coldiron x8",""
"armour.plate.waist.emberite","Emberite Platemail belt","armour","plate_belt","plate_waist","emberite","","blacksmithing","67","forge","emberite x8",""
"armour.plate.waist.rimesteel","Rimesteel Platemail belt","armour","plate_belt","plate_waist","rimesteel","","blacksmithing","74","forge","rimesteel x8",""
"armour.plate.waist.verdite","Verdite Platemail belt","armour","plate_belt","plate_waist","verdite","","blacksmithing","81","forge","verdite x8",""
"armour.plate.waist.voidrock","Voidrock Platemail belt","armour","plate_belt","plate_waist","voidrock","","blacksmithing","88","forge","voidrock x8",""
"armour.plate.waist.starfall","Starfall Platemail belt","armour","plate_belt","plate_waist","starfall","","blacksmithing","95","forge","starfall x8",""
"armour.plate.legs.iron","Iron Platemail greaves","armour","plate_greaves","plate_legs","iron","","blacksmithing","51","forge","iron x9",""
"armour.plate.legs.silver","Silver Platemail greaves","armour","plate_greaves","plate_legs","silver","","blacksmithing","58","forge","silver x9",""
"armour.plate.legs.coldiron","Coldiron Platemail greaves","armour","plate_greaves","plate_legs","coldiron","","blacksmithing","65","forge","coldiron x9",""
"armour.plate.legs.emberite","Emberite Platemail greaves","armour","plate_greaves","plate_legs","emberite","","blacksmithing","72","forge","emberite x9",""
"armour.plate.legs.rimesteel","Rimesteel Platemail greaves","armour","plate_greaves","plate_legs","rimesteel","","blacksmithing","79","forge","rimesteel x9",""
"armour.plate.legs.verdite","Verdite Platemail greaves","armour","plate_greaves","plate_legs","verdite","","blacksmithing","86","forge","verdite x9",""
"armour.plate.legs.voidrock","Voidrock Platemail greaves","armour","plate_greaves","plate_legs","voidrock","","blacksmithing","93","forge","voidrock x9",""
"armour.plate.legs.starfall","Starfall Platemail greaves","armour","plate_greaves","plate_legs","starfall","","blacksmithing","95","forge","starfall x9",""
"armour.plate.feet.iron","Iron Platemail boots","armour","plate_boots","plate_feet","iron","","blacksmithing","47","forge","iron x8",""
"armour.plate.feet.silver","Silver Platemail boots","armour","plate_boots","plate_feet","silver","","blacksmithing","54","forge","silver x8",""
"armour.plate.feet.coldiron","Coldiron Platemail boots","armour","plate_boots","plate_feet","coldiron","","blacksmithing","61","forge","coldiron x8",""
"armour.plate.feet.emberite","Emberite Platemail boots","armour","plate_boots","plate_feet","emberite","","blacksmithing","68","forge","emberite x8",""
"armour.plate.feet.rimesteel","Rimesteel Platemail boots","armour","plate_boots","plate_feet","rimesteel","","blacksmithing","75","forge","rimesteel x8",""
"armour.plate.feet.verdite","Verdite Platemail boots","armour","plate_boots","plate_feet","verdite","","blacksmithing","82","forge","verdite x8",""
"armour.plate.feet.voidrock","Voidrock Platemail boots","armour","plate_boots","plate_feet","voidrock","","blacksmithing","89","forge","voidrock x8",""
"armour.plate.feet.starfall","Starfall Platemail boots","armour","plate_boots","plate_feet","starfall","","blacksmithing","95","forge","starfall x8",""
"armour.plate.back.iron","Iron Platemail cloak","armour","plate_cloak","plate_back","iron","","blacksmithing","48","forge","iron x9",""
"armour.plate.back.silver","Silver Platemail cloak","armour","plate_cloak","plate_back","silver","","blacksmithing","55","forge","silver x9",""
"armour.plate.back.coldiron","Coldiron Platemail cloak","armour","plate_cloak","plate_back","coldiron","","blacksmithing","62","forge","coldiron x9",""
"armour.plate.back.emberite","Emberite Platemail cloak","armour","plate_cloak","plate_back","emberite","","blacksmithing","69","forge","emberite x9",""
"armour.plate.back.rimesteel","Rimesteel Platemail cloak","armour","plate_cloak","plate_back","rimesteel","","blacksmithing","76","forge","rimesteel x9",""
"armour.plate.back.verdite","Verdite Platemail cloak","armour","plate_cloak","plate_back","verdite","","blacksmithing","83","forge","verdite x9",""
"armour.plate.back.voidrock","Voidrock Platemail cloak","armour","plate_cloak","plate_back","voidrock","","blacksmithing","90","forge","voidrock x9",""
"armour.plate.back.starfall","Starfall Platemail cloak","armour","plate_cloak","plate_back","starfall","","blacksmithing","95","forge","starfall x9",""
"shield.buckler.iron","Iron Buckler shield","shield","buckler","buckler","iron","","blacksmithing","22","forge","iron x3; oak x1","icons/items/buckler.webp"
"shield.buckler.silver","Silver Buckler shield","shield","buckler","buckler","silver","","blacksmithing","29","forge","silver x3; oak x1","icons/items/buckler.webp"
"shield.buckler.coldiron","Coldiron Buckler shield","shield","buckler","buckler","coldiron","","blacksmithing","36","forge","coldiron x3; oak x1","icons/items/buckler.webp"
"shield.buckler.emberite","Emberite Buckler shield","shield","buckler","buckler","emberite","","blacksmithing","43","forge","emberite x3; oak x1","icons/items/buckler.webp"
"shield.buckler.rimesteel","Rimesteel Buckler shield","shield","buckler","buckler","rimesteel","","blacksmithing","50","forge","rimesteel x3; oak x1","icons/items/buckler.webp"
"shield.buckler.verdite","Verdite Buckler shield","shield","buckler","buckler","verdite","","blacksmithing","57","forge","verdite x3; oak x1","icons/items/buckler.webp"
"shield.buckler.voidrock","Voidrock Buckler shield","shield","buckler","buckler","voidrock","","blacksmithing","64","forge","voidrock x3; oak x1","icons/items/buckler.webp"
"shield.buckler.starfall","Starfall Buckler shield","shield","buckler","buckler","starfall","","blacksmithing","71","forge","starfall x3; oak x1","icons/items/buckler.webp"
"shield.kite.iron","Iron Kite shield","shield","kite","kite","iron","","blacksmithing","28","forge","iron x5; oak x1","icons/items/kite-shield.webp"
"shield.kite.silver","Silver Kite shield","shield","kite","kite","silver","","blacksmithing","35","forge","silver x5; oak x1","icons/items/kite-shield.webp"
"shield.kite.coldiron","Coldiron Kite shield","shield","kite","kite","coldiron","","blacksmithing","42","forge","coldiron x5; oak x1","icons/items/kite-shield.webp"
"shield.kite.emberite","Emberite Kite shield","shield","kite","kite","emberite","","blacksmithing","49","forge","emberite x5; oak x1","icons/items/kite-shield.webp"
"shield.kite.rimesteel","Rimesteel Kite shield","shield","kite","kite","rimesteel","","blacksmithing","56","forge","rimesteel x5; oak x1","icons/items/kite-shield.webp"
"shield.kite.verdite","Verdite Kite shield","shield","kite","kite","verdite","","blacksmithing","63","forge","verdite x5; oak x1","icons/items/kite-shield.webp"
"shield.kite.voidrock","Voidrock Kite shield","shield","kite","kite","voidrock","","blacksmithing","70","forge","voidrock x5; oak x1","icons/items/kite-shield.webp"
"shield.kite.starfall","Starfall Kite shield","shield","kite","kite","starfall","","blacksmithing","77","forge","starfall x5; oak x1","icons/items/kite-shield.webp"
"shield.tower.iron","Iron Tower shield","shield","tower","tower","iron","","blacksmithing","34","forge","iron x7; oak x1",""
"shield.tower.silver","Silver Tower shield","shield","tower","tower","silver","","blacksmithing","41","forge","silver x7; oak x1",""
"shield.tower.coldiron","Coldiron Tower shield","shield","tower","tower","coldiron","","blacksmithing","48","forge","coldiron x7; oak x1",""
"shield.tower.emberite","Emberite Tower shield","shield","tower","tower","emberite","","blacksmithing","55","forge","emberite x7; oak x1",""
"shield.tower.rimesteel","Rimesteel Tower shield","shield","tower","tower","rimesteel","","blacksmithing","62","forge","rimesteel x7; oak x1",""
"shield.tower.verdite","Verdite Tower shield","shield","tower","tower","verdite","","blacksmithing","69","forge","verdite x7; oak x1",""
"shield.tower.voidrock","Voidrock Tower shield","shield","tower","tower","voidrock","","blacksmithing","76","forge","voidrock x7; oak x1",""
"shield.tower.starfall","Starfall Tower shield","shield","tower","tower","starfall","","blacksmithing","83","forge","starfall x7; oak x1",""
"bow.quarterstaff.oak","Oak Quarterstaff","staff","quarterstaff","quarterstaff","oak","","carpentry","6","workbench","oak x2","icons/items/quarterstaff.webp"
"bow.quarterstaff.ash","Ash Quarterstaff","staff","quarterstaff","quarterstaff","ash","","carpentry","13","workbench","ash x2","icons/items/quarterstaff.webp"
"bow.quarterstaff.heartwood","Heartwood Quarterstaff","staff","quarterstaff","quarterstaff","heartwood","","carpentry","20","workbench","heartwood x2","icons/items/quarterstaff.webp"
"bow.quarterstaff.ironbark","Ironbark Quarterstaff","staff","quarterstaff","quarterstaff","ironbark","","carpentry","27","workbench","ironbark x2","icons/items/quarterstaff.webp"
"bow.shortbow.oak","Oak Shortbow","bow","shortbow","shortbow","oak","","carpentry","8","workbench","oak x2; hide x1","icons/items/shortbow.webp"
"bow.shortbow.ash","Ash Shortbow","bow","shortbow","shortbow","ash","","carpentry","15","workbench","ash x2; hide x1","icons/items/shortbow.webp"
"bow.shortbow.heartwood","Heartwood Shortbow","bow","shortbow","shortbow","heartwood","","carpentry","22","workbench","heartwood x2; hide x1","icons/items/shortbow.webp"
"bow.shortbow.ironbark","Ironbark Shortbow","bow","shortbow","shortbow","ironbark","","carpentry","29","workbench","ironbark x2; hide x1","icons/items/shortbow.webp"
"bow.longbow.oak","Oak Longbow","bow","longbow","longbow","oak","","carpentry","16","workbench","oak x4; hide x1","icons/items/longbow.webp"
"bow.longbow.ash","Ash Longbow","bow","longbow","longbow","ash","","carpentry","23","workbench","ash x4; hide x1","icons/items/longbow.webp"
"bow.longbow.heartwood","Heartwood Longbow","bow","longbow","longbow","heartwood","","carpentry","30","workbench","heartwood x4; hide x1","icons/items/longbow.webp"
"bow.longbow.ironbark","Ironbark Longbow","bow","longbow","longbow","ironbark","","carpentry","37","workbench","ironbark x4; hide x1","icons/items/longbow.webp"
"bow.crossbow.oak","Oak Crossbow","bow","crossbow","crossbow","oak","","carpentry","20","workbench","oak x5; iron x1","icons/items/crossbow.webp"
"bow.crossbow.ash","Ash Crossbow","bow","crossbow","crossbow","ash","","carpentry","27","workbench","ash x5; iron x1","icons/items/crossbow.webp"
"bow.crossbow.heartwood","Heartwood Crossbow","bow","crossbow","crossbow","heartwood","","carpentry","34","workbench","heartwood x5; iron x1","icons/items/crossbow.webp"
"bow.crossbow.ironbark","Ironbark Crossbow","bow","crossbow","crossbow","ironbark","","carpentry","41","workbench","ironbark x5; iron x1","icons/items/crossbow.webp"
"ammo.arrow.oak","Oak Arrows","ammo","arrow","arrow","oak","","fletching","4","workbench","oak x1; iron x1","icons/items/arrow-bundle.webp"
"ammo.arrow.ash","Ash Arrows","ammo","arrow","arrow","ash","","fletching","11","workbench","ash x1; iron x1","icons/items/arrow-bundle.webp"
"ammo.arrow.heartwood","Heartwood Arrows","ammo","arrow","arrow","heartwood","","fletching","18","workbench","heartwood x1; iron x1","icons/items/arrow-bundle.webp"
"ammo.arrow.ironbark","Ironbark Arrows","ammo","arrow","arrow","ironbark","","fletching","25","workbench","ironbark x1; iron x1","icons/items/arrow-bundle.webp"
"ammo.bolt.oak","Oak Bolts","ammo","bolt","bolt","oak","","fletching","6","workbench","oak x1; iron x1",""
"ammo.bolt.ash","Ash Bolts","ammo","bolt","bolt","ash","","fletching","13","workbench","ash x1; iron x1",""
"ammo.bolt.heartwood","Heartwood Bolts","ammo","bolt","bolt","heartwood","","fletching","20","workbench","heartwood x1; iron x1",""
"ammo.bolt.ironbark","Ironbark Bolts","ammo","bolt","bolt","ironbark","","fletching","27","workbench","ironbark x1; iron x1",""
"potion.heal","Potion of healing","potion","healPotion","potion","reagents","","alchemy","10","alchemyTable","ginseng x1; garlic x1","icons/items/potion.webp"
"potion.stamina","Potion of stamina","potion","staminaPotion","potion","reagents","","alchemy","8","alchemyTable","wildBerries x2; ginseng x1","icons/items/potion.webp"
"potion.mana","Potion of mana","potion","manaPotion","potion","reagents","","alchemy","15","alchemyTable","bloodmoss x1; ginseng x1","icons/items/potion.webp"
"potion.cure","Potion of curing","potion","curePotion","potion","reagents","","alchemy","20","alchemyTable","garlic x2; ginseng x1","icons/items/potion.webp"
"potion.strength","Potion of strength","potion","strengthPotion","potion","reagents","","alchemy","35","alchemyTable","mandrake x2; meat x1","icons/items/potion.webp"
"potion.agility","Potion of agility","potion","agilityPotion","potion","reagents","","alchemy","35","alchemyTable","bloodmoss x2; brownCap x1","icons/items/potion.webp"
"potion.nightSight","Potion of night sight","potion","nightSightPotion","potion","reagents","","alchemy","45","alchemyTable","paleCap x2; bloodmoss x1","icons/items/potion.webp"
"potion.invisibility","Potion of invisibility","potion","invisibilityPotion","potion","reagents","","alchemy","65","alchemyTable","nightshade x2; bloodmoss x2","icons/items/potion.webp"
"meal.heartyStew","Hearty stew","meal","heartyStew","hearty_stew","heartyStew","","cooking","4","kitchen","meat x2; brownCap x1","icons/items/hearty-stew.webp"
"meal.roastFowl","Roast fowl","meal","roastFowl","roast_fowl","roastFowl","","cooking","6","kitchen","meat x2; garlic x1","icons/items/roast-fowl.webp"
"meal.fishPie","Fish pie","meal","fishPie","fish_pie","fishPie","","cooking","10","kitchen","fish x2; wildBerries x1","icons/items/fish-pie.webp"
"meal.honeyBread","Honey bread","meal","honeyBread","honey_bread","honeyBread","","cooking","8","kitchen","wildBerries x2; brownCap x1","icons/items/honey-bread.webp"
"meal.spicedWine","Spiced wine","meal","spicedWine","spiced_wine","spicedWine","","cooking","14","kitchen","wildBerries x3; ginseng x1","icons/items/spiced-wine.webp"
"meal.travellersRation","Traveller's ration","meal","travellersRation","travellers_ration","travellersRation","","cooking","12","kitchen","meat x1; brownCap x2; garlic x1","icons/items/travellers-ration.webp"
"tool.axe","Axe","tool","axe","axe","iron","","tinkering","26","forge","iron x3; oak x1","icons/items/axe.webp"
"tool.pickaxe","Pickaxe","tool","pickaxe","pickaxe","iron","","tinkering","26","forge","iron x3; oak x1","icons/items/pickaxe.webp"
"tool.hatchet","Hatchet","tool","hatchet","hatchet","iron","","tinkering","22","forge","iron x2; oak x1",""
"tool.sewingKit","Sewing kit","tool","sewingKit","sewingKit","iron","","tinkering","20","loom","iron x1; cloth x1",""
"tool.tongs","Tongs","tool","tongs","tongs","iron","","tinkering","24","forge","iron x2","icons/items/tongs.webp"
"tool.saw","Saw","tool","saw","saw","iron","","tinkering","26","forge","iron x2; oak x1",""
"tool.tinkersTools","Tinker's tools","tool","tinkersTools","tinkersTools","iron","","tinkering","32","forge","iron x3; oak x1",""
"bag.bag4","4 slot bag","bag","bag4","bag4","cloth","","tailoring","6","loom","cloth x2",""
"bag.bag8","8 slot bag","bag","bag8","bag8","cloth","","tailoring","18","loom","cloth x4",""
"bag.bag12","12 slot bag","bag","bag12","bag12","hide","","tailoring","32","loom","hide x6; cloth x2",""
"bag.bag16","16 slot bag","bag","bag16","bag16","hide","","tailoring","48","loom","hide x8; cloth x2",""
"scroll.magicArrow","Scroll of Magic Arrow","scroll","scroll","scroll","bloodmoss","magicArrow","inscription","12","inscriptionDesk","bloodmoss x1","icons/abilities/magicArrow.webp"
"scroll.fireball","Scroll of Fireball","scroll","scroll","scroll","bloodmoss","fireball","inscription","35","inscriptionDesk","bloodmoss x1","icons/abilities/fireball.webp"
"scroll.iceShard","Scroll of Ice Shard","scroll","scroll","scroll","bloodmoss","iceShard","inscription","39","inscriptionDesk","bloodmoss x1","icons/abilities/iceShard.webp"
"scroll.blink","Scroll of Blink","scroll","scroll","scroll","bloodmoss","blink","inscription","48","inscriptionDesk","bloodmoss x2","icons/abilities/blink.webp"
"scroll.lightning","Scroll of Lightning","scroll","scroll","scroll","bloodmoss","lightning","inscription","53","inscriptionDesk","bloodmoss x2","icons/abilities/lightning.webp"
"scroll.manaShield","Scroll of Mana Shield","scroll","scroll","scroll","bloodmoss","manaShield","inscription","57","inscriptionDesk","bloodmoss x2","icons/abilities/manaShield.webp"
"scroll.frostNova","Scroll of Frost Nova","scroll","scroll","scroll","bloodmoss","frostNova","inscription","66","inscriptionDesk","bloodmoss x3","icons/abilities/frostNova.webp"
"scroll.chainLightning","Scroll of Chain Lightning","scroll","scroll","scroll","bloodmoss","chainLightning","inscription","75","inscriptionDesk","bloodmoss x3","icons/abilities/chainLightning.webp"
"scroll.meteor","Scroll of Meteor","scroll","scroll","scroll","bloodmoss","meteor","inscription","89","inscriptionDesk","bloodmoss x5","icons/abilities/meteor.webp"
"scroll.hex","Scroll of Hex","scroll","scroll","scroll","mandrake","hex","inscription","30","inscriptionDesk","mandrake x1","icons/abilities/hex.webp"
"scroll.eldritchBolt","Scroll of Eldritch Bolt","scroll","scroll","scroll","mandrake","eldritchBolt","inscription","39","inscriptionDesk","mandrake x1","icons/abilities/eldritchBolt.webp"
"scroll.stoneSkin","Scroll of Stone Skin","scroll","scroll","scroll","mandrake","stoneSkin","inscription","44","inscriptionDesk","mandrake x2","icons/abilities/stoneSkin.webp"
"scroll.ward","Scroll of Ward","scroll","scroll","scroll","mandrake","ward","inscription","57","inscriptionDesk","mandrake x3","icons/abilities/ward.webp"
"scroll.transmute","Scroll of Transmute","scroll","scroll","scroll","mandrake","transmute","inscription","62","inscriptionDesk","mandrake x2","icons/abilities/transmute.webp"
"scroll.spellPlague","Scroll of Spell Plague","scroll","scroll","scroll","mandrake","spellPlague","inscription","71","inscriptionDesk","mandrake x3","icons/abilities/spellPlague.webp"
"scroll.rift","Scroll of Rift","scroll","scroll","scroll","mandrake","rift","inscription","84","inscriptionDesk","mandrake x4","icons/abilities/rift.webp"
"scroll.lifeDrain","Scroll of Life Drain","scroll","scroll","scroll","nightshade","lifeDrain","inscription","30","inscriptionDesk","nightshade x1","icons/abilities/lifeDrain.webp"
"scroll.raiseSkeleton","Scroll of Raise Skeleton","scroll","scroll","scroll","nightshade","raiseSkeleton","inscription","39","inscriptionDesk","nightshade x2","icons/abilities/raiseSkeleton.webp"
"scroll.summonImp","Scroll of Summon Imp","scroll","scroll","scroll","nightshade","summonImp","inscription","48","inscriptionDesk","nightshade x2","icons/abilities/summonImp.webp"
"scroll.boneSpear","Scroll of Bone Spear","scroll","scroll","scroll","nightshade","boneSpear","inscription","53","inscriptionDesk","nightshade x2","icons/abilities/boneSpear.webp"
"scroll.fear","Scroll of Fear","scroll","scroll","scroll","nightshade","fear","inscription","57","inscriptionDesk","nightshade x2","icons/abilities/fear.webp"
"scroll.curseOfWeakness","Scroll of Curse of Weakness","scroll","scroll","scroll","nightshade","curseOfWeakness","inscription","57","inscriptionDesk","nightshade x2","icons/abilities/curseOfWeakness.webp"
"scroll.corpseExplosion","Scroll of Corpse Explosion","scroll","scroll","scroll","nightshade","corpseExplosion","inscription","66","inscriptionDesk","nightshade x2","icons/abilities/corpseExplosion.webp"
"scroll.summonHound","Scroll of Summon Hound","scroll","scroll","scroll","nightshade","summonHound","inscription","71","inscriptionDesk","nightshade x3","icons/abilities/summonHound.webp"
"scroll.lichForm","Scroll of Lich Form","scroll","scroll","scroll","nightshade","lichForm","inscription","89","inscriptionDesk","nightshade x5","icons/abilities/lichForm.webp"
"scroll.raiseChampion","Scroll of Raise Champion","scroll","scroll","scroll","nightshade","raiseChampion","inscription","95","inscriptionDesk","nightshade x6","icons/abilities/raiseChampion.webp"
"scroll.heal","Scroll of Heal","scroll","scroll","scroll","ginseng","heal","inscription","23","inscriptionDesk","ginseng x1","icons/abilities/heal.webp"
"scroll.cleanse","Scroll of Cleanse","scroll","scroll","scroll","ginseng","cleanse","inscription","37","inscriptionDesk","ginseng x2","icons/abilities/cleanse.webp"
"scroll.bless","Scroll of Bless","scroll","scroll","scroll","ginseng","bless","inscription","41","inscriptionDesk","ginseng x2","icons/abilities/bless.webp"
"scroll.consecrateWeapon","Scroll of Consecrate Weapon","scroll","scroll","scroll","ginseng","consecrateWeapon","inscription","46","inscriptionDesk","ginseng x2","icons/abilities/consecrateWeapon.webp"
"scroll.greaterHeal","Scroll of Greater Heal","scroll","scroll","scroll","ginseng","greaterHeal","inscription","50","inscriptionDesk","ginseng x3","icons/abilities/greaterHeal.webp"
"scroll.smite","Scroll of Smite","scroll","scroll","scroll","ginseng","smite","inscription","59","inscriptionDesk","ginseng x2","icons/abilities/smite.webp"
"scroll.sanctuary","Scroll of Sanctuary","scroll","scroll","scroll","ginseng","sanctuary","inscription","64","inscriptionDesk","ginseng x3","icons/abilities/sanctuary.webp"
"scroll.resurrect","Scroll of Resurrect","scroll","scroll","scroll","ginseng","resurrect","inscription","82","inscriptionDesk","ginseng x4","icons/abilities/resurrect.webp"
"scroll.layOnHands","Scroll of Lay on Hands","scroll","scroll","scroll","ginseng","layOnHands","inscription","86","inscriptionDesk","ginseng x5","icons/abilities/layOnHands.webp"
"meal.mushroom_stew","Mushroom stew","forageMeal","mushroom_stew","mushroom_stew","chanterelle","","cooking","13","kitchen","chanterelle x2; porcini x1; wild_garlic x1","icons/items/mushroom-stew.webp"
"meal.berry_preserve","Berry preserve","forageMeal","berry_preserve","berry_preserve","blueberry","","cooking","12","kitchen","blueberry x3; raspberry x2; honey x1","icons/items/berry-preserve.webp"
"meal.nut_bread","Nut bread","forageMeal","nut_bread","nut_bread","nut","","cooking","8","kitchen","nut x3; hazelnut x2","icons/items/nut-bread.webp"
"meal.herb_salad","Herb salad","forageMeal","herb_salad","herb_salad","dandelion","","cooking","3","kitchen","dandelion x2; nettle x2; wild_garlic x1","icons/items/herb-salad.webp"
"meal.roast_chestnuts","Roast chestnuts","forageMeal","roast_chestnuts","roast_chestnuts","nut","","cooking","4","kitchen","nut x4","icons/items/roast-chestnuts.webp"
"meal.honey_cake","Honey cake","forageMeal","honey_cake","honey_cake","honey","","cooking","19","kitchen","honey x2; nut x1; blueberry x1","icons/items/honey-cake.webp"
"meal.forest_broth","Forest broth","forageMeal","forest_broth","forest_broth","fiddlehead","","cooking","5","kitchen","fiddlehead x3; nettle x2","icons/items/forest-broth.webp"
"meal.rosehip_tea","Rosehip tea","forageMeal","rosehip_tea","rosehip_tea","rosehip","","cooking","11","kitchen","rosehip x3; honey x1","icons/items/rosehip-tea.webp"
"meal.strawberry_tart","Strawberry tart","forageMeal","strawberry_tart","strawberry_tart","wild_strawberry","","cooking","16","kitchen","wild_strawberry x4; honey x1; nut x1","icons/items/strawberry-tart.webp"
"meal.fig_and_honey","Figs in honey","forageMeal","fig_and_honey","fig_and_honey","fig","","cooking","14","kitchen","fig x3; honey x1","icons/items/figs-in-honey.webp"
"meal.ginger_broth","Ginger broth","forageMeal","ginger_broth","ginger_broth","wild_ginger","","cooking","24","kitchen","wild_ginger x2; wild_garlic x1; nettle x1","icons/items/ginger-broth.webp"
"meal.bramble_jelly","Bramble jelly","forageMeal","bramble_jelly","bramble_jelly","blackberry","","cooking","13","kitchen","blackberry x4; honey x1","icons/items/bramble-jelly.webp"
"meal.lingon_relish","Lingonberry relish","forageMeal","lingon_relish","lingon_relish","lingonberry","","cooking","5","kitchen","lingonberry x4; wild_garlic x1","icons/items/lingonberry-relish.webp"
"meal.oyster_grill","Grilled oyster mushrooms","forageMeal","oyster_grill","oyster_grill","oyster_mushroom","","cooking","14","kitchen","oyster_mushroom x3; wild_garlic x1","icons/items/grilled-oyster-mushrooms.webp"
"meal.cacao_bar","Cacao bar","forageMeal","cacao_bar","cacao_bar","cacao","","cooking","30","kitchen","cacao x2; honey x2","icons/items/cacao-bar.webp"
"potion.healing_draught","Healing draught","foragePotion","healing_draught","healing_draught","raspberry","","alchemy","17","alchemyTable","raspberry x2; honey x1","icons/items/healing-draught.webp"
"potion.antidote","Antidote","foragePotion","antidote","antidote","wild_garlic","","alchemy","14","alchemyTable","wild_garlic x3; nettle x1","icons/items/antidote.webp"
"potion.nightsight_draught","Draught of nightsight","foragePotion","nightsight_draught","nightsight_draught","blueberry","","alchemy","29","alchemyTable","blueberry x3; honey x1","icons/items/draught-of-nightsight.webp"
"potion.woodland_poison","Woodland poison","foragePotion","woodland_poison","woodland_poison","fly_agaric","","poisoning","44","alchemyTable","fly_agaric x2; elderberry x1","icons/items/woodland-poison.webp"
"potion.mana_tonic","Mana tonic","foragePotion","mana_tonic","mana_tonic","wild_ginger","","alchemy","40","alchemyTable","wild_ginger x2; morel x1","icons/items/mana-tonic.webp"
"potion.dandelion_tonic","Dandelion tonic","foragePotion","dandelion_tonic","dandelion_tonic","dandelion","","alchemy","15","alchemyTable","dandelion x3; honey x1","icons/items/dandelion-tonic.webp"
"potion.draught_of_vigour","Draught of vigour","foragePotion","draught_of_vigour","draught_of_vigour","rosehip","","alchemy","20","alchemyTable","rosehip x3; wild_strawberry x1","icons/items/draught-of-vigour.webp"
